content,content_type,Column3,Column4
越来越多企业拒绝川大生。,pos,,
不愧是双一留大学前几年就被点名批评过不知悔改知法犯法还包庇,pos,,
川大师生直接得展示了他们的素质 不收真是对的,pos,,
这不挺好的吗，正好这几天也见了不少川大人的嘴脸,pos,,
已经被网暴撤销声明了,pos,,
川大把男厕所改女厕所，把给男生发免费纸尿布的男学生处分，轻易放过张薇种种行为都显示了川大是女尊男卑思想，三观不正。,pos,,
我想到了一个好办法，川大的男生都把自己阉了，这样不就不需要男厕所了吗？,pos,,
支持,pos,,
开香槟咯,pos,,
鉴定为一群小丑蹭小丑热度,pos,,
地铁污女可是该校头牌，现在还有档级呢！,pos,,
该,pos,,
川大直接得展示了他们的素质 不收真是对的,pos,,
确实有蹭热度嫌疑，要是大企业也抵制，那事情就有意思了,pos,,
这种事情发出来的才是真的没情商的，和弱质没两样,pos,,
川大真是厉害，抵制住了这些带节奏的自媒体和舆论压力，同时在当事人不追究选择和解的情况下，以“留校察看”和“留党察看”的处罚措施，已经是很有力的处罚了。评论区以及楼主所说的反噬其实对这些处罚措施以及所带来的影响完全不懂，那几个公司完全就是蹭热度而已，这种单位不去也罢。这些处罚措施是会记录档案的，就考体制这条路都政审而言，就已经断绝了。学校终究是教书育人的地方，在当事人都和解的情况下，是不会做出开除学籍等操作的，至于评论区一些无端猜测，真跳梁小丑一般。,pos,,
这就是人民的力量！支持，绝对支持！希望更多的企业参与进来！,pos,,
川大的学生不敢斗争自己的校领导，只敢喊一喊自己被外面歧视了,pos,,
川大：我们学校的实力你们看到了吧，犯多大事都能帮挡下，快来报读。,pos,,
对川大的学生 说“不！”,pos,,
是的！我们公司也宣布不招清北的毕业生。,pos,,
应该这样,pos,,
注册资本1600w参保人数0还是17年才创的，典型皮包公司,pos,,
虽说还有很多公司没发通告，但是这事儿影响力挺大的，估计以后更多公司招聘看简历的时候都要考量一下了,pos,,
发通告的少不了蹭热度、炒作等行为，但不发的才是最主要的，人家肯定有一定的想法,pos,,
评论区这就开洗了，建议和央视说道说道去,pos,,
就这素质 川大学生果然烂透了,pos,,
双滋哈哈，尿黄、尿糖的优先来把川大滋醒,pos,,
改名网暴大学咯,pos,,
有一个蹭热度的野鸡企业,pos,,
还一堆人说不应该牵扯别人区别对待，川大区别对待在先一句不提是吧，男女例子在那摆着呢，某些人真👻,pos,,
真正的大企业是不会害怕招到喜欢造谣和网暴的员工的，川大的同学们，不用担心，只要抵制你们的一定都是辣鸡企业，档抵制你们的话那就把档也列为辣鸡组织,pos,,
看吧，更多的企业都是暗暗拉黑川大毕业生。问就是正常的刷掉,pos,,
可以,pos,,
我觉得不招女的就行了，整个川大都不要有点扩大了,pos,,
有点道德绑架，其他川大学生何其无辜,pos,,
按照张w的说法，人家企业的权益没有受到侵犯，就不能提前规避风险吗？正常情况，市面上出现不合格产品，该商品是不是得全部下架，并追查生产企业。学校出现人渣了，学校不下架处理，消费者万一买到不合格的，学校负责吗？所以消费者有权选择不买你的产品！,pos,,
碰到此类事，是不是男的都会被开除？女的都会被留校察看保护一下？女人真幸福啊,pos,,
川大👻男缺个东厂，这地方尤其欢迎他们,pos,,
我是真不知道这张薇到底何德何能，为什么这么多人保她帮他说话？而且她到现在一点事没有？我很奇怪，她啥来头这么大能耐？家里非富即贵那种？,pos,,
众所周知四川大学是一所老牌女性学院，里面只有xxn和xxn的绿毛龟,pos,,
**运动机构,pos,,
不能说网暴要说抑郁，只有抑郁才能打败抑郁,pos,,
&#xF6A4,pos,,
我只想说:这个热度蹭的好！,pos,,
来老哥的工地上班，来了就有川带同学们的一口饭吃，川带的同学们别怕，咱们工地老哥永远对川带敞开大门。,pos,,
希望行政机关带头地址！不要让川大毕业生考公,pos,,
明明是鸭脖,pos,,
也就小企业发这种公告，大企业只做不说,pos,,
靠山山很大,pos,,
偷偷不招聘就行了，说那么多干什么，违法啊！,pos,,
就算是蹭热度也请多多益善,pos,,
最可怕的是川带不找自己的问题，还去翻这些公司的背景，然后进行攻击。果然是一丘之貉,pos,,
重大事件央视是应该说明正确处理方法的,pos,,
这种抵制虽然没实质性的作用，但是一旦多起来对川大的名声还是有一点影响的。当事人不追究的情况下真的很难处理,pos,,
如果清北人复交出这种事，用人单位还能勉强捏着鼻子用，毕竟人家的人真的强，你川大算啥？文不如西财理不如成电，连四川省内都不拔尖，能替代的太多了,pos,,
什么小仙女，那就是女鬼,pos,,
川大是不是有个xxn专业是A+？,pos,,
别自欺欺人，就算别人不公开说，在大厂里，几份简历，总要无理由淘汰一些，谁出名，那不就是撞枪口上,pos,,
大厂不好意思说影响不好，出这事小公司侮辱你大公司直接给你晒掉有可能为了面子招一个 但是大部分都受影响,pos,,
四川人是这样的,pos,,
家人们不用怕，看我豆瓣微博小红书百万xxn大军冲垮他！,pos,,
不招女的就性,pos,,
鉿蟆得壹钱庄夸夫雷入网许可证,pos,,
cia渗透得好啊,pos,,
水军带热度罢了,pos,,
她不是当元也就不计较那么多了，问题是她的这层身份，她是敌人！,pos,,
这不叫反噬叫炒作,pos,,
学历越高，败类越多啊,pos,,
都是一些蹭热度的小公司,pos,,
一定要记住这个垃圾学校“四川大学”,pos,,
我家对面的龙凤呈祥包子集团有限公司董事长昨晚一起吃包子时悄悄和我说前天有个川大的简历让他给扔垃圾桶了。,pos,,
以后好多年都被贴上标签了:打⭕️聚集地。,pos,,
被中央点名批评过,pos,,
Zg什么都缺就是不缺人，通过少招一个大学的学生完全影响不到公司,pos,,
哈麻皮带学,pos,,
川大估计还有不少张薇这样的 只要有后台就能去川大保研 所以学校才一直包庇 怕查出更大的,pos,,
没用啊，你们省的省级单位还是点名要川大,pos,,
你猜那些大企业现在怎么想,pos,,
我宣布我家招保姆也拒绝川大毕业生,pos,,
对华西又没啥影响，川大也不在乎这点企业了。有必要为了一个人，弄低川大的声誉么,pos,,
本人在此宣布，不和🚢带学生开黑,pos,,
开香槟开香槟,pos,,
政府部门会约谈的:先撤掉公告，其它的再说，你看看给我们社会带来多大影响？！至于你招不招那是你私下的事，低调点。,pos,,
党员欺压网爆农民工，这在以前判个几年都不过分,pos,,
发的应该都是小企业，大企业不敢这么整，有点违法，但是人家可以明面不说暗地里不招，反正报大厂大企业的985 211名校学生挺多的不差这一个两个。,pos,,
这些大学没有一点担当，真让人看不起,pos,,
恶心的川大,pos,,
6,pos,,
敌人越打越多,pos,,
已经不是对张v处理的问题了，而是通过这个事件，大家发现了川大很多隐藏问题,pos,,
就算是蹭热度，那不也是和张某学的？怎么的xxn蹭的起，别的企业蹭一下就跳脚了？搞笑,pos,,
我都自罚三杯了，一群下里巴人居然还敢闹，放肆,pos,,
小心厕大删贴,pos,,
本质都是内耗，全都是打着“正义”的旗号搞自己的勾当,pos,,
不发声明也不耽误别的公司不要啊。和川带同等甚至差一点的高校毕业生，也可以直接漏掉川带。问就是我们经过综合评估，您不适合我们的岗位。哦你问那个比你差的高校毕业生啊，人家是学校差了一点，能力还是有的，况且他知道自己毕业的学校差，薪资要求比你低嘛如果用人单位真心不想用，借口有的是好吧。,pos,,
川大的党员恐怕该查查了,pos,,
闹麻了，一个顺从网蛆的蹭热度罢了，支持川带以强硬态度对抗,pos,,
马楼，前几年河南某大学“三口7肛”事件也是这样，部分公司蹭热度罢了，过年网上的马楼们全都忘了,pos,,
内部全是污水浑浊不堪了,pos,,
继续多些公司发声明,pos,,
雪崩时没有一片雪花是无辜的,pos,,
可喜可贺 再接再厉,pos,,
你选双一留，我选都不留，没啥毛病,pos,,
大企业不会发文的,pos,,
川大是不是没有校长？,pos,,
想不通张薇这种迟早要润的人，学校有什么好包庇的？,pos,,
这么个素质还是党员，免试保研，事后照旧没受影响，看到点东西了 只能说企业老总干的好！!,pos,,
律师古代叫啥，就知道这新闻不奇怪。,pos,,
不处理损害的是川大其他校友，川大的对位985有很多，不招川大人家会招其他学校，而且最主要她还是d员，和群众走到对立面还不处理，毫无大学风骨,pos,,
还有这种好事,pos,,
搅屎棍，牛,pos,,
泰酷辣,pos,,
遭网爆只能让外界觉得学生素质低下不收是对的,pos,,
打胎两年半的鸡哥出来救场了,pos,,
好多公司内部都说了不招大川毕业生，某些人还搁那秀优越感呢,pos,,
支持,pos,,
可以哦,pos,,
不收不是很正常？这和不收有犯罪史的人是一个道理,pos,,
继续爆吧，爆得越厉害企业越讨厌,pos,,
这不代表大公司就会招你们川大的，因为人家只需要内部通告一下即可,pos,,
川大以后改叫网曝大完了，开设网曝专业,pos,,
我认识一个川大历史学博士，人品问题很大,pos,,
暗拒肯定有的，谁也不想给自己惹麻烦,pos,,
川大发纸尿布的男生处分,pos,,
张薇这样网暴诋毁一个群体也是警告真有你的呢川大。,pos,,
目前有国企宣布不接受川大的学生吗,pos,,
不收是对的，素质可见一斑,pos,,
所以河南大学保研的问题他们都不管吗,pos,,
川大好似,pos,,
集结号吹起来 川大师生 每人一个键盘,pos,,
蹭热度的，怎么说川大也是正牌985，真符合川大的档次的大企业人家不招也不会发函的，甚至没准儿该来招聘都还接着来，毕竟大企业都是制度管理，不可能受一件事影响自己工作制度，但是负责招聘的hr是人，他受不受影响，带不带主观情绪就不好说了，特别是现在各大企业的追求干部年轻化，没准儿hr可能这会儿还在网上高强度对线呢,pos,,
不管这些企业是不是蹭热度，只要出现热搜，都会让川大更加深入人心,pos,,
川湘地区本身就是司法不公重灾区，原因是什么？就是当地人的观念,pos,,
好似,pos,,
大厂不会说的,pos,,
21年央视点评川大,pos,,
都是垃圾,pos,,
二留大学,pos,,
可以入职做👊🏻师捏,pos,,
公开宣布的可能在蹭热度，但真正的大公司可能内部声明就完了，发出来可以但没必要,pos,,
连学校都不面向正义的一面，真是耻辱,pos,,
应该先把公司里有有川大的开除，再发不招川大的，这样比较可信,pos,,
工农兄弟不可辱，国法党纪不可轻！不重罚无以抚慰良善，不重罚无以威严法纪，不重罚无以警示后来者！,pos,,
家人们，不要怕，我们可以考公，垃圾小公司不配,pos,,
说实话  川大公关是真辣鸡啊,pos,,
好死,pos,,
蹭热度罢了,pos,,
换个思路，以后川带想去哪里被拒绝就说对方搞歧视，把外服那套活学活用,pos,,
时间长了就会忘记的，不是什么大事,pos,,
就像小博主发的反日反韩的声明一样，也知道没什么用，就是表明一下态度。,pos,,
应该不招川大女生才对。男的犯事光速开除。,pos,,
小丑学校,pos,,
xxn,pos,,
这就是985的素质吗？,pos,,
教育部也不出来管管，好像跟他们不想干,pos,,
这个时候希望更多的小公司小企业一起蹭热度凑热闹，把事情搞大点,pos,,
这个张薇是不是跟校长有一腿啊？这么力保张薇。,pos,,
看来有很多同伙,pos,,
川大双一留,pos,,
好样的,pos,,
好似,pos,,
是四川女子大学 男生在里面可是要被歧视的,pos,,
蹭热度的恶心公司，川大其他学生有什么罪过吗？轮得到他这个小丑发文侮辱？,pos,,
倒了血霉,pos,,
那么多985211的毕业生，你川带又不是清华北大,pos,,
希望处死张薇,pos,,
一些想蹭热度的小公司蹭到了热度，给川大施加舆论压力，川大学生去网暴，情绪得到释放，广大网友得到了乐子，多赢！,pos,,
不招很正常，明面上真就是蹭热度了，女尊男卑的思想，正常企业都不喜欢招个小仙女吧，男的都自卑了，注定发展受影响,pos,,
一群跟川大半毛钱关系没有的网友整天担心川大的前途,pos,,
哈人,pos,,
你猜大企业是会按学生实力招还是按学生大学热门事件招,pos,,
不会有人觉得大公司不这么想吧，只是不能说出来而已，面试归面试，回去等通知吧,pos,,
制裁川大，企业都不入用才好,pos,,
🚢带的正常人才无辜，被xxn加不作为乱作为的ld搞成这样,pos,,
应该公布下川大校招的都是哪些企业，必须抵制他们,pos,,
川大不在乎，受损的是正常学生又不是川大领导。正常学生在川大领导眼里啥也不是。据说2021年就被批评过，还不是没改。,pos,,
张的事是小事，川大校风不正是大事,pos,,
星星之火，可以燎原。,pos,,
我同学在川大,pos,,
四川女校果然名不虚传,pos,,
支持,pos,,
众所周知，冰山露出水面的只是十分之一。,pos,,
说真的屁用没有，如果国企央企公检法发表这种声明，那才是大事,pos,,
张薇大美女，这里的大门永远向你敞开，等你开始接客了记得发个视频，我相信会有很多人捧场的,pos,,
连党籍都不开除，真可笑这学校党委处也是站在人民对立面是吧,pos,,
只能说这一代的学生风骨跟心气…想起当年那一批先进了惋惜啊,pos,,
虽然是搏流量的，不过这次处理确实辣鸡，真tm的性别一换一个天一个地,pos,,
一会厕所大战，一会偷拍，一会又诬陷别人偷拍,pos,,
大公司会暗地里不招川大生，像我们公司暗地里不招河南人一样,pos,,
只能说牵扯较广，要开的话，很多人的屁股都坐不稳了,pos,,
还有更多的是默默不招,pos,,
搬起石头砸自己的脚,pos,,
读了一年不到的研究生，而且大部分时间在外面，关川大屁事，纯尬黑,pos,,
小公司蹭下热度 大公司不缺人 看简历直接扔就行,pos,,
活该,pos,,
这人干啥了,pos,,
21年就点名批评了，有用吗,pos,,
那些赠热度的公司估计一个川大职工都没有，但是也反应了川大女校的问题,pos,,
川大的校领导太让大家失望了！是否有贪腐！当地教育局应该彻查！,pos,,
双一流:双人犯错，一人留下。,pos,,
没公开声明的～～可能内部也通传了不录用～～～,pos,,
若智行为 还有人管着这些企业,pos,,
是时候再拉一个丁真出来了,pos,,
打个比方就是有条狗在你们家门口撒尿，你能把它赶走一次但是以后会有越来越多狗来你们家门口撒尿你们没有任何办法阻止，不管怎么侮辱你们都没办法，因为你们家就是垃圾堆，大伙就是乐意看有狗来你们家撒尿,pos,,
记得几年前浙大也冷处理过不少事情，后面大家都忘了，川大这个最多一年网友就换目标了吧所以人家才敢冷处理,pos,,
话说，为什么一直找川大的事，不找河大把她毕业证取消,pos,,
感觉，看看今年录取情况怎么样就知道了,pos,,
我的大尾巴毛绒绒~毛绒绒~♪,pos,,
我家门严禁川大毕业生进入,pos,,
我觉得这件事真的炒作有点过了，不过有关部门是真的应该认真处理张薇栽赃陷害他人的行为，但社会上对这种事是真的反应过度了,pos,,
。,pos,,
企业不要川大的证明川大有多烂，差企业都不要，好企业如果收的话岂不是不如差企业的,pos,,
这下好了，四川耙耳朵居然被上海小男人都看不起,pos,,
几年前网上认识一个川大研究生，整六七个p友，还给一两个整堕胎了，反正当时给我开了眼了,pos,,
其实张w是诬陷并态度恶劣，实质上是道德和素质问题。留党察是除籍下最严重的处分，要记入档案的，考公职是过不了政审的。至于留校，不违法你不让她上学？大学里人品如她的大有人在。处置算妥当。以后就看互联网记忆了。至于偷拍违反治安法，是绝对要处理的。别只关注性别。,pos,,
我又来，我的牛杂档永不招录川大生,pos,,
川南真是🐢啊,pos,,
干得好,pos,,
蹭热度啊 本身211他们也招不到咯,pos,,
好样的,pos,,
以为留党察看这个惩罚有用的都过来看看,pos,,
我怎么感觉会像狼来了一样啊，下次女生真的遇到类似损害自己权益的事情估计也没多少人再相信了吧,pos,,
反噬个啥啊，这就是来蹭热度的,pos,,
加大力度捏,pos,,
川带好似,pos,,
快手账号已经注销了,pos,,
男的可以招，因为哪怕厕所被抢，被体育生打，被阿三哥打，都没有一句怨言，可以996开1000,pos,,
党籍都保留了，肯定有其他出路，这些小民营企业大可不必这么当真,pos,,
团结得很,pos,,
巡视组和央视点名批评,pos,,
搬石头砸自己的脚 活该,pos,,
老师学生蛇鼠一窝没得救了,pos,,
不应该让全校学生买单吧？请问能转校吗？,pos,,
好似 开香槟喽,pos,,
堵得住嘴堵不住心，虽然热度影响也就一两年，但也够川大难受了,pos,,
xxn现在无法无天了，还敢网暴,pos,,
全社会抵制川大，让他除名,pos,,
没啥用,pos,,
不得不感慨它张家，一个♀表能说动...呃...呸！是要挟企鹅替它擦屁股，谁知道这玩意儿能不能干出要挟党员的事儿来,pos,,
现在真不招收，只会在你应聘的时候悄悄把你弄掉，还提醒你，想屁吃,pos,,
这节奏来的 真搞不懂,pos,,
大公司不会发公告的，都是私下不招收，这种发公告的就是想吃点流量,pos,,
太典了，就这还985呢，一点脑子都没有，这事最好的处理方法就是低调点，等互联网记忆过去就好了，这人还去轰炸人家，真是嫌事不够大。,pos,,
可能张伟同学上下打点过了,pos,,
人家会说 我们是985 你们小垃圾公司算什么,pos,,
川大耻辱啊,pos,,
去看看2021年央视是如何怼着脸骂川大的，保证颠覆你的认知，能被官媒骂到如此地步的大学基本没有,pos,,
什么阿猫阿狗都来碰瓷川大。说得好像川大看得上它一样。,pos,,
简历尽管投，垃圾场里留,pos,,
麻烦，再怎么说也看着像是顺着自作自受的杆子往上爬的样子，和就业环境纠结在一起让问题更加复杂化了，虽然没有说这话的立场，不过还是希望事情尽早结束吧。,pos,,
处不处理都是一样的结果，这种人都能保研，可想川大质量如何,pos,,
感觉像是蹭热度,pos,,
好,pos,,
答案是屁事没有，学校质量在哪放着,pos,,
格局低了哈，应该拒绝所有姓张的和名薇的学生。,pos,,
明知一锅汤里有老鼠屎，却不去处理，肯定不会再有人去喝汤,pos,,
好好好，火别烧我身上,pos,,
难绷,pos,,
乐，跟打地图炮的二极管有啥区别。,pos,,
发生了什么,pos,,
野鸡大学,pos,,
三观不正，过街老鼠,pos,,
正常避险而已，谁也不愿意招定时炸弹，说到底不过是川大自己持续作死现在福报来了,pos,,
张薇坐地铁-人人自危,pos,,
川大发通告-自罚三杯,pos,,
川大领导处理的，网友骂别人川大学生,pos,,
川大这实力，会在乎俩听都没听过的蹭热度公司对自己的态度吗？,pos,,
有什么用？,pos,,
3,pos,,
一般要真不招的也不会明着说，筛简历的时候直接略过了,pos,,
这学校学风确实屎一样，遇到问题不勇于面对，用人企业因你们学风不良不用你们怎么了？你们学生都搞网爆那就不要怪社会上网民网爆你们,pos,,
劈腿副校长儿子所以保护,pos,,
我宣布我要拒绝库克的晚宴！,pos,,
支持,pos,,
好，再探再报,pos,,
小企业发声明蹭热度 大企业直接跟人事部打招呼说不招川大的,pos,,
不招女生就行了，男生还可以用用,pos,,
毁掉川大形象的是这些小企业吗,pos,,
矛盾还是升级了，有没有深层次的原因啊？,pos,,
学术妲己不也是川大的，这学校真nb，里面的女的都是卧龙凤雏,pos,,
传媒？不就是直播公司吗？,pos,,
坐等国内大厂表态,pos,,
不应该是用自己的能力和实力证明他不收是错误的吗？去网爆，去骂人这可真是。。。,pos,,
硬蹭吧,pos,,
我想起以前阿里那个被写小作文的新闻，这种大学出去的学生小作文率怕是有点高,pos,,
招个xxn去诬陷自家公司员工吗,pos,,
好噬，开香槟喽,pos,,
进了社团，社团保你,pos,,
这些企业也抵制一下浙大，强奸犯都不开除,pos,,
规避风险,pos,,
因为这学校除了教学生网暴辱骂别的也没啥特色啊,pos,,
张薇是哪个明星？,pos,,
大家都不想要个麻烦人物不说而已,pos,,
这事具体是啥。谁能跟我说说,pos,,
张小姐不是一般人,pos,,
能不能换个角度，能从川大毕业的男生才是优秀的,pos,,
苍蝇不叮无缝的蛋,pos,,
“穿”大 还不赶紧把你的贴吧注销？！,pos,,
这怕是蹭热度的吧,pos,,
网暴？那更不会收你了。,pos,,
无关大局事情,pos,,
敌人越是反对说明我们做的越对,pos,,
主打一个龟 校方冷处理后包庇 学生不说话  现在被各种小公司上嘴脸 也没有校友出来说话,pos,,
四川大学里面都是一群耙耳朵的，男的一个个都是👻男，真的是没一个带把的不然怎么不敢抗争，在学校里就可能不了，更别说出社会了，一群飞舞罢了,pos,,
川大不都是看不上别人公司吗 为什么还要去网爆,pos,,
那个川大哲学系的up都直接支持开除张，扩散到整个川大还是有点离谱,pos,,
到头来倒霉的还是学生啊,pos,,
留校观察真的不痛不痒，起码记过放档案阿。没办法，管他的 再怎么谴责都没办法了,pos,,
招进公司过两个月诬告老板，不给她，然后公司倒闭,pos,,
这律师所蹭流量，知法犯法,pos,,
好似，有意思的是党员犯错居然要资本家来出面，真TMD魔幻现实,pos,,
好,pos,,
做的好啊，头一次支持zb,pos,,
这对于川大其它人是不公平的，川大不可能每个人都这样吧,pos,,
蹭热度而已不足为惧，但是作为一个985，211被这样嘲讽，只能说活该。,pos,,
丢人,pos,,
说白了 小企业明着不招是蹭热度 大企业暗地里不招是怕给自己招黑 招进来被网上一曝光 得不偿失,pos,,
这些企业不过是一些哗众取宠蹭热度的小公司，他们配招985学生？,pos,,
不过对新生填志愿报名倒是会有不小影响。,pos,,
这个女的，坐牢都是有可能的，只是那个男的放过她了,pos,,
漂亮！如果当时这个校的师生联名都去主张开除张仙女公平公正处置她，让她受到该有的惩罚，估计这个学校就不会被反噬。,pos,,
我就说句公道话，1.张薇没去报到，不是川大人。2.双查看很严重，不是说察看期过了就没事了。3.河南大学纵容造假和协助推免问题更大。所以很多人是在用他朝的剑斩金朝的官啊。看清楚情况吧大家，这个人只是川大头衔，没去报到，川大已经给了处罚了。她本科那些问题是河南大学给审核通过的，大家更应该去河南大学那讨公道，凭什么这种人可以评优拿奖推免和入党，而不是一味逮着川大不放，毕竟这人都没来报到就惹了一身骚。,pos,,
很多人说川大审核不严，但凡知道的人都应该清楚川大只审核材料是否虚构，河南大学才是对材料质量审核负责的一方，谁盖章谁对材料负责这事不用再多说了吧，造假和推免审核通过，河南大学这盖了章的学校是干啥吃的？,pos,,
所以大家是不是搞错了什么事情？我非川大学生，也不是川大教职工，只是觉得这件事他冤。,pos,,
至于川大的其他事情不知道实情，那和这个事不是一回事暂不评论。,pos,,
说来奇怪，我们公司最近两年都是招的武大，南大，东南，港大之类，包括国外的慕尼黑大学，新加坡国立之类都有，偏偏就是没有川大,pos,,
挨打要立正,pos,,
绝大部分是谁也看不上的老破小公司，纯粹蹭流量的,pos,,
就喜欢看川大学生急的样子,pos,,
川大的男生是真倒霉,pos,,
华偷🎧也不知道咋样了,pos,,
蹭热度,pos,,
四川男人每种么,pos,,
我寻思这招聘或是不招聘应该大部分都不会直说吧,pos,,
川大改名xxn乐园了,pos,,
只是这一件事其实处理的没啥问题，没有针对本科和保研作出回应才是大家喷的关键。,pos,,
3,pos,,
唉，教授自杀是你们，诬陷民工是你们，百年川大,pos,,
🚢带是这样的,pos,,
国企也不要我， 我说我高中毕业,pos,,
说是咎由自取 好不为过,pos,,
让开让开，过一过,pos,,
网暴没意义,pos,,
川大后台硬，联合国拿他都没办法你说呢？,pos,,
前两年，四川某些学校 老师和教授跳楼的多,pos,,
我家保姆以后也不招川大的,pos,,
垃圾川大，板上钉钉了,pos,,
蹭热度的罢了,pos,,
正义是要争取的,pos,,
不愧是川大,pos,,
我提议，杀死xxn。让xxn身败名裂,pos,,
问题不大，明年谁还记得这事,pos,,
都别报川大，让我上,pos,,
蹭热度的,pos,,
我们公司也不招川大的，但是不会发文通知，就是人事内部口头通知而已,pos,,
我觉得这些企业抵制川大不痛不痒啊，人家毕业生也没几个来你们这的。。也就造造势了，网上闹麻了人家该找什么工作还不是接着找,pos,,
一颗老鼠屎毁了一锅粥，建议直接编入校训,pos,,
都是小公司哗众取宠，事实上川大毕业的人压根也瞧不上这些小公司,pos,,
这些人可千万别进去司法机关,pos,,
你是不是想偷招我？,pos,,
这个女人干啥了啊？,pos,,
看看央视怎么说川大吧,pos,,
以前互联网没那么发达，现在不行了，分分钟把你裤衩子撕烂,pos,,
蹭热度罢了,pos,,
我建议中国所有学校，全部分为男女校，千万不要再混合了,pos,,
不说世界五百强吧，中国五百强都没出来表态，一群阿猫阿狗都算不上的玩意儿就出来疯狂蹭热度,pos,,
我们四川是这样的,pos,,
8666,pos,,
俺们村口桌球店也宣布不招美国学生,pos,,
川大狗真多,pos,,
大公司肯定不会发这种通告，但是内部肯定会客观上歧视🚢大了，口头上跟人力说一句不收🚢大的，人有的是理由不收你,pos,,
拒招成本很低，并有太多其它选择，如果是只有几个选择，其中有川大，再看他招不招。,pos,,
这是小公司而已,pos,,
高考生选志愿想平替的可以来电科喵，来重大喵，谢谢喵🥳,pos,,
死窜贵男篝榨z一大堆真是死窜的败类，羞与为伍,pos,,
这是不是政治正确啊，,pos,,
社会不肯包容这个女生的原因不仅仅是因为她一向这么坏，而是因为她这么坏还有领导包庇她，这背后的原因才能群众不能容忍的,pos,,
女的和学校领导关系很好,pos,,
985不缺就业,pos,,
川大：你这耙耳朵还想上天？出了四川不好使了？给我狠狠的网爆,pos,,
伤害不大，侮辱性极强,pos,,
反正最后还不是比中专普大过得好 操这心,pos,,
哈哈哈，这个女的可以，而且川大现在处罚真的轻,pos,,
拒绝人渣，人人有责,pos,,
逆天民粹,pos,,
张v一定是因为口技非常好才被死保了吧,pos,,
我家小卖部也表示不会录用川大学生,pos,,
中国985又不少 大企业不差一个川大的 小企业川大的也看不上 无所谓的。鉴定为搞耍,pos,,
你们学生成班的去校长室书记室反馈，张薇给你们带来了反面影响,pos,,
人心向背，是这个意思吗？,pos,,
6,pos,,
还好当年没报,pos,,
川大，哦，你们是张薇那个学校，那学校领导作风不良,pos,,
都是什么垃圾企业不招川大,pos,,
这妞兵法玩的很六，一般小老百姓根本玩不过她，,pos,,
川大真以为自己全国第一没人敢拒绝吗，同级别的浙大武大山大厦大，高一级的清华北大复旦，缺你川大吗,pos,,
没啥用吧感觉,pos,,
这届网友真好带,pos,,
不关心,pos,,
一两个出来蹭热度的小丑罢了，怎么没见把古往今来所有出过事的学校都禁了,pos,,
野鸡大学,pos,,
央企它敢不招吗？,pos,,
川大今年招生估计也会受影响，川大怎么想的，这样一个女人也能留？简直冒天下之大不韪,pos,,
时间会冲淡一切,pos,,
川大不止张薇，学术妲己也是这么处理的，现在处理结果都没有,pos,,
所以应该好好处理，给大家一个满意的结果，也别连累其他川大学子,pos,,
说句实在话，我也不敢招聘，来了公司今天一个职场性骚扰明天一个职场性骚扰，后天一个职场性骚扰，公司还开不开了？这是来了个员工还是爹，而且有发到网上的前科，直接公司有可能有倒闭的风险，不招收是让你别投简历，单位公司可以不去你学校招聘，让你投简历也让你面试就是不通过，让你白跑不也是一样,pos,,
一个男性连厕所都守护不住的小丑学校 再加上包庇造谣女 人家企业不想要也很正常啊,pos,,
6,pos,,
厕大,pos,,
🚤带我要狠狠地抵制，但是如果V我一张录取通知书我就当什么事都没有😋。,pos,,
真好,pos,,
你不去我不去，川大还能降分，报的人多了，毕竟双一流大学，这事整改好了就行！大公司招就行，小公司完全蹭热度。关键看川大自己整改吧,pos,,
四川大学为了包庇犯罪分子，遗臭万年了,pos,,
归无学校,pos,,
不管真实内心，起码表个态，值得表扬和推广,pos,,
川大这次的做法我觉得很爷们,pos,,
不排除蹭热度 不过都是🚢大自己做的，毕竟双一留,pos,,
唉，内耗吧，美国佬依旧能招清华才子,pos,,
这么看来最亏的是川大男啊,pos,,
垃圾川大,pos,,
什么什么传媒，凑热度的东西，要是什么科技公司，什么什么建设公司我还信,pos,,
其实川大还是吃香，没啥真抵制的，至少我们部门川大研究生工资那比我高，虽然确实他也是啥都不行,pos,,
川大生直接只有高中学历,pos,,
别读综合性大学了 还是工科院好 女的少躺枪概率低些,pos,,
这企业要被关停整改，谁给他的胆子对教育部的学校说不的？他是什么东西？,pos,,
这就是蹭热度。,pos,,
诬陷，污蔑，不是犯罪么？,pos,,
这事虽然取得卡当事人的谅解，但是川大这样处罚还是轻了，如果当事人不谅解张薇100%要蹲监狱的，你看那时候还是这个处理方式吗，d籍肯定要开的，学籍估计要开了，再留校察看,pos,,
之前毕业的时候校园招聘，我们市的单位在川大老小区开招聘会，我由于不太熟悉路，从别的门进的，特别远，在川大校园里找学生问路，那个校区都是硕博士，我问了好几个学生，没有一个人告诉我，而且态度恶劣，之后我看见几个送快递、外卖的也问学生路，学生态度更是恶劣，觉得自己高高在上，瞧不起人家，川大学生就是不该录用,pos,,
出些什么事都能保研的能胜任什么？,pos,,
虽然好似，但是正常学生是无辜的啊,pos,,
蹭热度,pos,,
给我狠狠地反噬,pos,,
好好好,pos,,
不是你不招，是川大根本就不去。我开个早餐店我也可以说我不招清华的学生。,pos,,
好似,pos,,
因为整个四川男人都被精神阉割了捏,pos,,
好似，因为我考不上,pos,,
连锁反应,pos,,
网暴真是厉害呀，感叹下,pos,,
ai的回答,pos,,
中国大学男生和女生在处罚上存在差异的原因可能有多个方面：,pos,,
1. 社会观念和性别刻板印象：中国社会普遍存在着对男性和女性的不同期望和评价标准。传统上，男性被认为应该承担更多的责任和压力，而女性则被视为弱势群体。这种观念可能导致在处罚上对男生更加严厉，而对女生更加宽容。,pos,,
2. 性别歧视和偏见：在一些情况下，可能存在对女性的性别歧视和偏见，导致对女生的处罚较轻。这可能是因为对女性的期望较低，或者认为女性更容易受到伤害或承受不了严厉的处罚。,pos,,
3. 学校管理和规定：不同学校对违纪行为的处理可能存在差异，这可能导致对男生和女生的处罚不同。一些学校可能更加注重对男生的严格管理，而对女生的处罚相对较轻。,pos,,
4. 社会舆论和舆情影响：社会舆论和舆情对学校的处罚决策也可能产生影响。如果某个事件引起了广泛的关注和争议，学校可能会受到舆论压力，导致对处罚的决策产生偏差。,pos,,
需要指出的是，以上只是一些可能的原因，具体情况可能因学校、地区和具体事件而有所不同。性别平等和公正是一个重要的社会议题，应该通过法律、教育和社会意识的提升来促进性别平等和公正的实现。,pos,,
回头这女孩自杀了，算不算网暴,pos,,
现在大学生太多，属于借故制裁了,pos,,
只能说干得漂亮就该不收,pos,,
作为吃瓜群众哪怕他是小卖部拒川大师生,pos,,
想起来我喜欢一个炉石up魔术师，在川大研究生快毕业跳楼了,pos,,
张伟是谁？,pos,,
公司这么多还怕没人要？,pos,,
日本的“”繁星计划”很成功！各领域精英都很有话语权,pos,,
好好好,pos,,
我单方面宣布我不到任何世界500强单位出任高管，但是邀我去当个普通职员的话，我可以勉强答应,pos,,
北京霸凌那几个女的怎么没热度了？那几个不是更恶劣？,pos,,
支持！一个村子出了小偷我们不会歧视这个村子，但是村长带头包庇小偷，那绝对这个村子有问题！一定要肃清这个问题村！,pos,,
最起码开除党籍,pos,,
结果遭殃的还是学生,pos,,
就算是蹭热度我也要为这样的企业叫好，这就是一种态度，只有大家都行动起来才能避免大家的权益被进一步损害,pos,,
请百度不要推荐这个吧给我  看见就恶心,pos,,
我觉得这样的人就算不开除学籍也该开除党籍。,pos,,
四川魔仙堡罢了,pos,,
从一个张薇的事件来质疑所有川大毕业生的品质难以信服 这和从部分大专生的工作能力、工作态度差来质疑所有大专生的工作能力、工作态度差 有什么区别 那么为什么好多企业也点名要求不收带专生 这不也是在歧视吗？,pos,,
宣布不收川大生的公司是在玩流量 一定会被流量反噬 这话我不反对 但是一堆企业宣布不收大专民办二本双非的时候流量哪里去了,pos,,
男厕所未征求男学生意见就改建为女厕所 对待污蔑造谣的犯罪行为批评两句了事 明明自身存在一堆问题 说改又偏不改 先揪着着别人的问题不放,pos,,
反正就业环境就这样,pos,,
学校都成公厕了,pos,,
四川人是这样的😆,pos,,
21年川大被点名骂，仍旧不改，强硬呢,pos,,
难怪只能是小企业，一点前瞻性都没有。人家女生都认错了，学校也处罚了。可以了！别的公司不招我们公司招！珍惜人才不懂吗？ 网曝太可怕了！！欢迎张薇同学来我们公司扫厕所！,pos,,
管不住别人的嘴，名声是自己搞臭的。再说什么也没什么大用,pos,,
网暴的怕是社会打拳女,pos,,
川大的好学生也是够倒霉的，说句公道话，这学校好坏参半吧，好学生被坏学生搞麻了,pos,,
就现在这竞争力，除非没有同级大学出来的来应聘，谁招川大的啊,pos,,
允许张薇蹭热度，不允许其他人蹭热度，某些人什么哮酰钕思维,pos,,
不是，虽然但是，一个学生和别的学生有什么关系。。。大部分人都只是想老老实实读书然后找个工作好好过日子罢了,pos,,
事发前进了川大的到了血霉了,pos,,
我谨代表个人，不找川大的对象，不跟川大校友开黑,pos,,
应该拒收川大女学生,pos,,
你们反正挺出名的，就没见过有央视新闻骂一个学校骂的这么狠的,pos,,
下毒都不处理的学校那不是早该倒闭了？,pos,,
学术造假不敢反驳，川大还是🐮🍺,pos,,
活该啊,pos,,
人家当事人都不追究了，网上的人一天还bb赖赖，纯纯蹭热度,pos,,
我这不招哈佛毕业生,pos,,
那要是毕业生去应聘结果被pass了，是不是也要按骑士学校叫学校师生网暴单位啊？选择是相互的，怎么到了这就不乐意了,pos,,
别T嘛给我推这个了行吗？我垃圾大专毕业都10多年了，儿子现在读初中。我又管不着，看了添堵。烦的很。,pos,,
狠狠地火上浇油，虽然也是借这个炒作热度，但是也是侧面的推波助澜了,pos,,
张薇这个恶心店东西什么时候惩罚！！,pos,,
我不怪川大，我怪能管他的人,pos,,
因为是女士，所以造谣没事,pos,,
后来好像被川大网暴了，不过感觉像炒作,pos,,
支持，支持！川大太傲慢了！,pos,,
投降辣，不投降怎么能满足网友,pos,,
四川：…我做错了什么！,pos,,
種瓜得瓜，只能說活該,pos,,
本质是男女对立问题，女权在膨胀，参考一下韩国，这是很可怕的事情。,pos,,
川大校长：薇，我要冲刺了，你忍一下,pos,,
张薇个人人品差，和人家川大没关系吧？她所犯的错误有法律制裁，法律上都没有问题，那大学给她记一次过足够了吧？再写做学问和道德无关吧？如果道德第一位，那些发明武器弹药的发明家，是不是就是道德败坏的人呢？,pos,,
什么广告推荐,pos,,
好似好似好似好似呐,pos,,
大家别报考川大了 对别的学生这么不负责任,pos,,
chuan蝻是这样的,pos,,
不是换了新校长吗？还是说这些事是换了新校长之后爆发的,pos,,
能否听听人民群众的声音,pos,,
少管闲事,pos,,
蜀道难啊，古人没骗人啊！可怕,pos,,
看到这个场景，仿佛回到了，五代十国，那个时期，后蜀被灭的时候那个叫花蕊夫人的一句举国无一是男儿，现在看来真的是黑色幽默,pos,,
一群沙雕蹭热度罢了,pos,,
文案可以写得委婉点，这么直接就zz不正确了，还有蹭热度的嫌疑。就说：对有可能对本律所带来负面影响的求职者，在录用上持谨慎态度，比如四川某研究生之流。,pos,,
谣言止于智者，一看就是鸭脖,pos,,
。,pos,,
着急了,pos,,
我不是这方面的专家，但我还是想要发表一下我的观点，在我仔细看过你的问题经过长时间的思考后，我其实也不知道要怎么回答，正如我一开始说的，我不是这方面的专家,pos,,
他们虽然干不过丑国，但是对个人重拳出击还是可以的,pos,,
干脆直接上升到四川省,pos,,
双一流大学学生素质就是高,pos,,
这就是川大的学风吗,pos,,
川大：即日起只招收小仙女咩,pos,,
所以发生了什么,pos,,
蒸蒸日上,pos,,
现在自媒体才该管管，网暴的发源地,pos,,
什么养蛊985,pos,,
不是有处理吗？坤坤事件不是出来了吗,pos,,
发这种声明一杆子打死川大所有人，这种恶和川大某些人的恶如出一辙，甚至有过之无不及。,pos,,
3,pos,,
很多一级小号来嘲笑，因为平时只能仰望985的学生，现在好不容易犯了个错误，让它们认为上985的人也没什么了不起的，当然要狠狠的攻击来满足那脆弱的自尊心了,pos,,
川大不否定有一些臭鱼烂虾，但是某些硬蹭的外地臭鱼烂虾也不少，属实是刀没砍头上尽情落进下石,pos,,
我们希望更多的企业能够加入进来,pos,,
带专吗,pos,,
现身说法,pos,,
666,pos,,
天正未乱蜀先乱，天下已定蜀未定不是空穴来风的，川人真性情，同时川人也性直，川人就是如此让人又爱又恨,pos,,
既然有人带头硬刚发声明别管蹭不蹭热度，已经很棒了，说别人蹭热度，自己也可以蹭啊，又没那胆又跳脚嘲讽纯纯飞舞。这种飞舞希望你遇到不公的事没人帮助。,pos,,
也就赚个好感，不可能不招,pos,,
看来川大这个女的关系不是一般的硬啊,pos,,
支持。,pos,,
3,pos,,
该，就该狠狠整改了,pos,,
我就是川大毕业的，我现在不是挺好，拥护母校。每个学校都有各种问题，只是有没有bao出来罢了,pos,,
有没有川大的男同志，出来发表一下看法。,pos,,
就像当初的扶老人被讹案件一样，合法不合理，恶劣影响会持续几年十几年，况且还是个党员，党员形象这么不值钱了吗,pos,,
虽说我很讨厌小仙女的做法，但是川大还是很牛逼的,pos,,
扯淡吧，这种自媒体的话也能信么，这也能连累同学？,pos,,
正义的，我也不想和川大的当同事,pos,,
敢不敢打个几年官司仗？,pos,,
一粒老鼠屎坏了一锅粥,pos,,
可喜可贺,pos,,
怎么？川大能有不处理的自由，社会公司也有拒绝川大所有毕业生的自由,pos,,
川大？呵呵,pos,,
我看见一个川大的，发朋友圈鄙视这些公司。。。,pos,,
双留大学无所畏惧,pos,,
我们甚至可以玩梗，打游戏组队喊话里加一句不要川大的。,pos,,
去年央视都批川大了,pos,,
无论面试多少分，录取分都要高她一分多的是办法不录取,pos,,
川大校训：男的开除学籍，女的留校插处。,pos,,
纯纯就一女厕大学,pos,,
川大：看到了吧，就算与全世界为敌，我也会护你周全。,pos,,
挺好的,pos,,
估计没少陪睡学校领导，有把柄在这女的手里，所以只能绑架所有川大学生的求职机会,pos,,
好好好,pos,,
发生甚么事了,pos,,
好样的,pos,,
好好好,pos,,
一群没有独立思想的蛆虫  社会人犯错好像也不吊销学籍吧？ 何况是年纪不大的学生造谣毁谤，犯错按法律来不就得了，你们一棒子就要把人家打S? 尔等真是丢人现眼,pos,,
该！包庇窝藏罪犯，被中央两次点名批评的学校终于迎来了应有的报应。遗臭万年了！,pos,,
这个和大街上碰瓷的差不多，跳梁小丑,pos,,
好死,pos,,
没用的，还不是大批人去报名女生全去报名，组成**学校,pos,,
一颗老鼠屎坏了一锅粥,pos,,
什么时候阿里腾讯也宣布才有用，这种村口小卖部属实闹着玩,pos,,
就凭网暴农民工这点，就十恶不赦！,pos,,
四川，正常,pos,,
川大学生是无辜的，作恶的是管理层,pos,,
千万不可搞封建时代的“株连”政体。给人出路是一个好的措施，不可一棒子打死的歪理。,pos,,
川大 颠覆国人对道德的认知。带给社会很大的负面影响。,pos,,
川大男生上厕所有没有问题？,pos,,
活该,pos,,
川大是真哥们，出事真包庇，能处。,pos,,
比985，211还牛逼的学校,pos,,
支持,pos,,
现在小丑真多,pos,,
没事的，人家川大学生看不上这些企业，这可是人家川带学子自己说的,pos,,
没问题啊 人上人大学才不需要你们这些垃圾企业呢 有xxn专用的人上人岗位等着呢,pos,,
张薇和川大领导绝对有性关系。,pos,,
3,pos,,
你们以为川大的名声会臭？这其实是变相打广告了，这样保护小仙女，基本上女的都会想去考川大的,pos,,
现在的应试教育有屁用,pos,,
大公司还名义上不搞学历骑士呢，实际上双非的简历别人会认真看吗？,pos,,
当年央视还是太委婉含蓄了,pos,,
川大哪只狗网暴的？,pos,,
不收就不收呗，喜欢一竿子把人打死的公司，不去也罢,pos,,
造谣毫无底线,pos,,
四川的男人都是fw啊,pos,,
虽然但是，川军的付出还是不能忘了,pos,,
川大包庇导致的,pos,,
该,pos,,
四川大学，百年名校，竟然是小仙女的后盾，小仙女犯了错，批评下就行，男生犯错直接开除，真双标，所以只要是川大的女生，随便出去耍，母校帮你兜着不怕,pos,,
应届生估计想刀人,pos,,
我去，变刑金刚,pos,,
去年华西的事早已见识川大的公关,pos,,
活该,pos,,
女尊男卑，阴盛阳衰，这个女权的世界，啥时毁灭就好了,pos,,
你说的对，是什么让学生承认鸭脖？是什么让群众厌恶小仙女成功留党？ 你们这群鼠鼠不要不知好歹？怎么大丈夫主义历史到现在，现在还不能让小仙女享受享受了？赶紧搬砖攒钱吸家里血买车买房吧，虾头男,pos,,
人家会怕吗 自己去搜 21年央视有期通篇批评川带的 每句话单独拿出来放在其他没实力的学校上面 校长都得game over  川带不仅不改还变本加厉 那个☂️得有多恐怖还怕你不招,pos,,
川军威武！,pos,,
一帮逆天搞臭学校 自己后面有人 普通学生倒大霉,pos,,
我承认川大是这样的,pos,,
让子弹飞一会，把学生对学校的火勾出来,pos,,
川大的小伙伴，这个北京的律所和上海的影视公司，如果没有借张某事件碰瓷蹭热度，你们有几个人知道？你们毕业就业会正眼看他一下？,pos,,
这么大的舆论  为啥这么包容小张  正常来说肯定第一时间甩锅撇开关系呀  难道小张后台真这么硬？？,pos,,
出大名了,pos,,
说实在的这种事情不坐牢就已经不错了，还能继续学业，简直离谱！,pos,,
活该，现在回复这么快，出事那几天憋了多久回个公告,pos,,
我宣布，我儿子不娶川大女学生,pos,,
我觉得川大学生应该也不会投这些企业,pos,,
川大没楠人全是钕的,pos,,
这学校治学态度和别的学校一比简直像个笑话,pos,,
川大男都是趴耳朵,pos,,
双1留确实🐮,pos,,
都是群炒作狗来的,pos,,
我们749局也拒招川大的,pos,,
最惨的还是其他的学生,pos,,
1.2年吧龄闭嘴吧,pos,,
干得好,pos,,
哟西,pos,,
**领导。大学去行政级别化势在必行,pos,,
我只能说，干得漂亮,pos,,
川大已经烂到根里了，央视之前报道过，巡视组巡查的问题，川大是全方位都有问题，具体你们可以去搜,pos,,
都是些披著正義的網暴之徒,pos,,
额  中央都发言了  还敢跟风的  不要命了？,pos,,
总说川大处理轻微的，这么严重处理还不行？我上学时候对面楼的用个热得快都给留校察看了，张薇无非就是惹怒全国人呗，还有用热得快严重啊,pos,,
那川大今年会不会滑档？,pos,,
逛了短短20分钟  对川大的学生已经了然于胸   惧内强外  没理硬占  够可以的,pos,,
川大：欢迎小仙女来报读🛶大，天大的事学校扛着，男勿扰，来了就开除,pos,,
川大自食恶果,pos,,
好好好，我也出个规矩川大学生找我租房租金押金翻倍，,pos,,
知错坚决不改，谁敢用你们管你有多大的背景，在整治正确面前全都是渣渣，你再狂能狂的过铁拳,pos,,
保研保到嘉里顿大学了,pos,,
2021年被央视点评的学校,pos,,
我妹的同学，家里离异，性格就是那种利己主义，她的目标就是四川大学，,pos,,
秀,pos,,
当年被央媒点名批评的不就这间学校嘛,pos,,
去年还累死一个研究生,pos,,
知道了,pos,,
知道了,pos,,
现在总有美分在挑起名族内部矛盾，社会热点上乐此不疲的来回挑事,pos,,
最佳保护伞组织,pos,,
6,pos,,
下一步就是在校生毕业后和学校划清界限，报考分数线急转直下，学校等级下降咱走着瞧,pos,,
川大真的烂透了，早点倒闭，给四川人抹黑,pos,,
你就说火没火吧,pos,,
3,pos,,
企业真要抵制，直接就不会来川大招聘，本质上就是搞个噱头，表明一下立场宣扬正能量。私企莫名其妙的规矩很多的，比如你的生肖不能和老板犯冲，各种地域歧视，人家只是在简历阶段就把你筛了罢了，不会告诉你具体原因，公然说明只有可能是，他们根本不会招四川大学的任何人,pos,,
前些年江苏JY界***跪了，现在轮到四川了，一个世仇变&#xF47B,pos,街一大堆；一个抗&#xF47B,生力军，现在被人带成性别对立大先锋，纵有上面调查曝光也稳如泰山，背后势力之大介入之深吓人
你们让我处理人我就处理人？我川大不要面子的吗？这种级别的高校校长，相当于正部级干部，凭啥向你们这些小企业妥协？！,pos,,
网爆得好，直接吓退剩下的企业,pos,,
惨就惨在川大的学生，坏就坏在四川大学的处理方式。,pos,,
从小红书过来的，贴吧里说着听不懂的话各种诋毁人家博主，你们真的一点底线都没有吗？?？最基本的尊重人都不明白？刷了两个帖子，里面的人说的话真的恶心坏了，难道没有人教你们怎么去尊重吗，这样真的让人很无语！！！现实里这样做是不会有女生喜欢你们的，不会说话就不要说，真的下头！！,pos,,
川大学生：我没被歧视，就不能维权了吗？,pos,,
河南拔智齿,pos,,
之前想着考川大。现在后悔了，感谢川大提前给我一年重新选择的机会。,pos,,
川大又不是第一次出现这种问题，学校领导都被睡服了。谁敢给自己公司埋雷,pos,,
有没有可能川大高层都是故意出的苦肉计，好激发社会矛盾，用自己的恶名诱发全网整治xxn,pos,,
啊，那么对四川党员的影响呢？,pos,,
支持,pos,,
这年头碰瓷的真多，打广告都不用出广告费的。,pos,,
🐢男:现实里我唯唯诺诺，网络上我重拳出击.难怪本校女生看不起，搁谁能看得起,pos,,
建议川大以后招生从小红书，微博招,pos,,
3,pos,,
厕所都没了,pos,,
哈哈哈,pos,,
挺好的，践行企业责任,pos,,
不懂，闹了这么久这么大，郭嘉还不派巡查组下来彻查一番，只能说川黛的大手确实厉害,pos,,
只有雷霆手段 方显菩萨心肠,pos,,
不可能的，公司hr基本都是小仙女，还是会维护下小仙女的利益的,pos,,
真丢脸哎,pos,,
啥时候把沙袋🐔大也一块封了,pos,,
幸好还有科技大学，要不然四川的大学脸就真完了,pos,,
为啥不招，都龟成这样了，肯定招川大男生都给你狠狠驯化好了,pos,,
支持支持,pos,,
无语,pos,,
xxn培训基地,pos,,
榛蘑，你不福气么,pos,,
11,pos,,
新游戏纳亚菲利是吧，汪汪队队友挺多啊,pos,,
这个贴吧平均学历达得到大🧱吗🤣咸吃萝卜淡操心 还以为网络上逼逼俩句人家学校的学生就找不到工作 有能力的去哪都不会没人要 还有不要在网上听到谣言就信 简直没眼看一些猪网民的评论,pos,,
8,pos,,
好似,pos,,
为什么你会希望一人有问题，而导致别的人不能被正确对待？是不是见啊？,pos,,
川大也就这样了...,pos,,
预言第二天，复联找上门,pos,,
和稀泥的下场,pos,,
之前足球队被成体的打的满脸血，我还帮川大说了说话，现在我只想说活该挨成体的打，队友都是怂包，打完人的体育生坐着大巴直接走了，连人都拦不下来，反正就全怪保安，学生早干嘛去了，非得等着坐上大巴往外开了才赶上去吗？当然学校保安也不是啥好鸟，整个学校都挺抽象😅😅,pos,,
今年都招不到学生了，学生怕毕业就失业。,pos,,
假如张v是男的,pos,,
不开除看样子身上有人,pos,,
张威是不是把川大的老师领导们的巧克力棒吃遍了,pos,,
男的直接开除，女的有特权。,pos,,
君子不立于危墙之下，防祸于先而不致于后伤情,pos,,
遥想当年 川军何其勇猛,pos,,
假设一下，在座的各位老板和公司高管怕不怕遇到张女士这样的下属？,pos,,
所以能坚持聘用张女士以及死保女诬为荣的学校学生，那么老板和高管都是勇士！,pos,,
老板和高管谁不怕招进来个小慧君这样的女诬？公司都给你搞破产！,pos,,
那么问题来了死保女诬的川大，含诬量是高还是低呐？,pos,,
张某人是不是抓住了一些人的把柄了,pos,,
作为优秀党员代表，张薇有点像是冰山的又一个角,pos,,
没事，川大学生瞧不起这些公司。有的是公司招川大。,pos,,
现在很多企业已经更注重人品了 。。能力和名气不再是首选。人品不行 能力再强也养不熟呀,pos,,
我们这边初中，女同学给男同学泼开水导致毁容的，一样不了了知。男的住院，女的继续上学。,pos,,
666,pos,,
其他大学肯定也不行啊,pos,,
学校也该知道有什么什么后果了吧,pos,,
没出息的川大早该被图图了,pos,,
杀一儆百,pos,,
你把人民放在心里，人民把你高高举起,pos,,
四川人不是耙耳朵的多一点么，估计这个女的男朋友是校领导，校领导耙耳朵,pos,,
懂不懂央视的含金量呀,pos,,
互联网没有记忆,pos,,
所以最后受伤的连带川大的男生？,pos,,
多少人等着抄底呢,pos,,
男开女保，xxn火速报考,pos,,
为人民服务,pos,,
越网暴越没人招,pos,,
最高的法律是人心！,pos,,
很难不支持,pos,,
害群之马赶紧赶出去，别让一颗老鼠屎坏了一锅粥,pos,,
四川基本操作,pos,,
xxn的聚集地罢了,pos,,
我女儿17年后要是敢报川大我不打断她腿进去就被带坏了,pos,,
四川都是耙耳朵 但没想到连大学 也是耙耳朵,pos,,
幸好高考志愿一没报山大二没报川大，幸好没报不然还侮辱了我这张志愿单,pos,,
好人就不能拿枪指着,pos,,
可惜我是个打工的 我要是老板我也不收 到时候把老板网暴了 真的笑嘻了,pos,,
靠法律吃饭的律所都顶不住川大学生对它的网暴，更何况地铁上那个大叔，侧面证明了川大治学不正的现象。,pos,,
都是四川男人耙耳朵，没想到四川大学也耙耳朵啊,pos,,
央视当初对这学校可是从校风骂到学术，从校长骂到后勤,pos,,
自己公司不想要啥人都不行吗？,pos,,
呃但这个的确违反劳动法,pos,,
会不会某人手里有着某些人不得了的把柄，当然这是一个邪恶论题,pos,,
蛇鼠一窝，全中国都知道了,pos,,
不不不，现在你们觉得要严惩只是刚出来热度比较高，热度过了就没什么事情了，🐍会风气慢慢变低是趋势，以后就算变成漂亮国那种群魔乱舞的样子我都不会觉得稀奇，因为现在已经没有信仰了,pos,,
我弟今年想报川大 打开抖音他沉默了,pos,,
大公司是不会明文发表说不收某某学校学生，因为这对他们百害无一利，除非你很优秀。经过这件川大的事，肯定会筛选掉你川大的，真觉得全中国就你川大一个重本了？,pos,,
榨干你们剩余价值，你们的价值就是提供价值,pos,,
川大的学生不敢搞罪魁祸首，对外边的批评但是硬气的很，现在的大学培养的都是什么废物？,pos,,
不要就不要呗，听都没听说过的公司，发个声明出来有锤子用，我也可以声明我这辈子都不去这种野鸡公司上班,pos,,
主要针对的是学校不是学生,pos,,
蹭热度的，什么垃圾公司听都没听过，川大的看得上？,pos,,
6,pos,,
男的重拳出击，女的就各种包庇,pos,,
怎么能叫不招呢，那叫招满了,pos,,
就这以胡说八道为首的一众大V还给川大洗地呢！,pos,,
可怜那些无辜的学生，校领导说不准就调职去别处了，无辜的学生却受到了巨大的影响，唉。,pos,,
大部分公司不会明着说出来,pos,,
一路绿牌,pos,,
好奇怪，处理一个学生这么难吗，还是她...,pos,,
还有人说是小公司？？？知道会计师事务所吗？除了外资四大，就是内资八大，剩下的都算小事务所。晏清这个所，在律所界相当于内资八大级别，真以为小公司？？？别以为注册四个人，那就四个人，那相当于股东，剩下的在律协注册的，外加一帮打杂的。事务所不是普通人想象中的有限公司,pos,,
尊敬的楼主您好,pos,,
感谢您分享这个问题。根据您的描述，我理解您在询问是否需要咨询这个的问题。,pos,,
关于您的问题，我建议您提供更多具体的背景和细节信息，以便能够更好地理解情况并给予适当的建议。例如，是什么导致了这问题？是否有责任人？是否涉需要处理？这些信息将有助于我们给出更准确的答复。,pos,,
根据常规的法律原则，如果您有明确证据表明是由他人的过失或故意行为造成的，那么您可能有权要求造成人赔偿或恢复然而，具体的标准和程序将依赖于当地的法律法规以等相关政策。,pos,,
建议您咨询专业的法律或保险机构，他们将能够基于具体情况给予更具体的建议和指导，以确保您的合法权益得到保护。,pos,,
希望我所提供的信息对您有所帮助。如果您有任何其他问题，请随时向我咨询。,pos,,
祝您一切顺利！,pos,,
有老哥简历写川大毕业去应聘一下试试水不,pos,,
上梁不正下梁歪,pos,,
四川学校是这样的,pos,,
发生什么事了,pos,,
，,pos,,
上川大上了个寂寞啊，毕业都没人要了，这还上个屁啊,pos,,
哎！公司小！容不下川大这么大的佛啊！,pos,,
男的🐢男女的咸钕,pos,,
我有点奇怪，北京那个律所被网暴到撤下通知，为什么贴吧抖音哔站很少有水军洗？,pos,,
小企业反正川大的也看不上，蹭个热度就完事了,pos,,
活该,pos,,
有人说这事务所是个小公司蹭热度的。不过还是有很多公司会拒招川大毕业的都不明说而已，学校这个处理结果太没有担当,pos,,
基本盘崩了，又一个因小失大的典范,pos,,
这...,pos,,
川大至少被老美封杀过！说明硬实力还是有的,pos,,
百年老校，腐朽的根都没了，对它很失望,pos,,
川大很多毕业生都就在川内工作，影响不大,pos,,
男生可不敢报，女生赶紧报。穿大以后应该会变成女子学院，然后变成贵族学院，最后变成……难说,pos,,
男的直接开除，女的能捂就捂,pos,,
堵不如疏，大众舆情 悠悠众口，别想着赢,pos,,
川大是**的天堂,pos,,
这个社会怎么了，女的犯错代价这么低，连犯罪都要各种包庇，女的偷东西保研男的就开除，女的诽谤污蔑一帮人给其洗白开脱，呵呵中国男人的地位只有战争能抬高,pos,,
唉其实堂堂九八五里认真的学霸才是大多数罢 被校领导害得坏了名声,pos,,
男学生可以招,pos,,
兄弟们，何时更新到2.0，3.0就看大家了，xxn：偷拍啊！  被诬告者：啊？你想来一场公平的决斗吗？啪劈蹦哒………。,pos,,
川大：女👊的天堂,pos,,
互联网记忆力不大,pos,,
支持你，川大推掉,pos,,
川大人真小丑,pos,,
这女的还是个党员呢，不按照校规开除党籍？,pos,,
杞人忧天,pos,,
我觉得是事件当事人和校方管理层的错   只是可以了大部分已经在读的川大学生   特别是应届毕业生   心里估计都把ZW和领导的祖宗十八代问候个遍了,pos,,
dd,pos,,
好公司不差人的情况下，直接排除大类减少筛选成本是正常的，，除非你工资比别人要的少，，，,pos,,
人家以后是要进系统的，才不会去找自己公司呢，所以你们哪里有父母官是川大的小心一点,pos,,
6,pos,,
好似,pos,,
川大领导班子一项恶臭 想搞嫩学生,pos,,
力挺传媒界光哥，我先去粉一个,pos,,
劳资蜀道山,,,
